keyword,category,llm_time_ms,llm_title,egcg_title,llm_quality,egcg_quality
"shirt","product",24101,"No, I'm sorry for any misunderstanding, but as a title generator, I don't have the capability to generate normal product titles. My main purpose is to generate titles for the users to customize their titles. If you need a title to generate,","Shirt Is Dead: Here's What's Next","GOOD","GOOD"
"laptop","product",16093,"Here is one new normal product title:

'Rethinking Your Desktop: The Ultimate Guide to Sustainable Tech","Unspoken Story: How Dawn Reinvent My Laptop","NOISE","GOOD"
"productivity","book",14479,"The Power of Inquiry","Before Productivity: The Untold Story","GOOD","GOOD"
"love","song",44897,"Here's a new normal song title:

'For The Love'

'For The Love' is a song title that reflects the core message of the original song, which is about the importance of love in all its forms. It's","The Future of Love: What's Coming in 2026","NOISE","GOOD"
"startup","book",43051,"Starting a new normal book title is a delightful task. Here's one possible example:

'The Water Heal: A New Startup","Before Startup: The Untold Story","NOISE","GOOD"
"crypto","article",37409,"Crypto: The Unconventional Mania Surrounding Cryptocurrency","The Fast Crypto Dawn That That will transform your business","GOOD","GOOD"
"parenting","book",43775,"The Year of the Runaways'

Try again!","The Fast Way to Train Parenting","GOOD","GOOD"
"fitness","youtube",37398,"The Training Room","The Only Fitness Wallpaper Was Gone","GOOD","GOOD"
"travel","blog",44583,"A Perfect Trip: Exploring the World's Hidden Gem","Are You Focusing Travel the Wrong Way?","GOOD","GOOD"
"cooking","book",35974,"Here's a new normal book title:

'Cooking: The Unsung Hero of the Environment","This Is How You Imagine Cooking: The Definitive Guide","NOISE","GOOD"
"meditation","book",28877,"Meditation: A Journey into the Mind's Eye","The Fast Path for Perfecting Meditation","GOOD","GOOD"
"investing","article",17597,"Here's a new normal article title:

'You're Not Afraid to Earn Your Living","11 Investing Futures You Need to Know","NOISE","GOOD"
"photography","youtube",17648,"Photography: The Art of Capturing the World'

How do I get started?","Why Building Photography is Actually Ultimate","GOOD","GOOD"
"music","song",12518,"- 'Aimless","A Beginner's Guide to Unlocking Music","GOOD","GOOD"
"AI","article",12494,"The AI in Your Hand","(no results)","GOOD","FAIL"
"remote work","blog",20614,"Here's a new normal blog title:

'Beyond the Seasons'

This title is a result of my personal journey to find a more fulfilling life outside of work. It's a reminder of the beauty and uniqueness of my career,","5 Productive Strategies for Remote work","NOISE","GOOD"
"mental health","book",14874,"The title of a new normal book title could be 'The Serenity Zone' or 'The Cure for Mental Illness.","The 24 hours Plan to Shape Mental health","GOOD","GOOD"
"gardening","book",11090,"Gardening","Never Shape Again: The Perfect Way to Master Gardening","GOOD","GOOD"
"coffee","product",17287,"I'm thrilled to help you craft a new normal product title about coffee! Here's a new title that showcases the essence of your favorite coffee drink:

'Chunky Brew'

This title aims to capture the essence of your coffee","How I Map Coffee and {verb} Worth your time","NOISE","NOISE"
"minimalism","book",11475,"No examples are needed, as the title is already in the 'normal' category.","Forget Everything You Know About Minimalism: The Truth Revealed","NOISE","GOOD"
"creativity","book",12021,"The Inner Power of Storytelling: Harnessing the Essence of Art","Creativity vs. Machine: Which Is Right for You?","GOOD","GOOD"
"sleep","book",12283,"The Dreamwalker of Dreams","8 Ways Sleep Will Transform Your Way","GOOD","GOOD"
"negotiation","book",11116,"Negotiation","A History of Negotiation in 8 Chapters","GOOD","GOOD"
"writing","book",17118,"I'm thrilled to share that I've crafted a new normal book title that delves into the depths of writing, exploring the universal theme of creativity and transformation. This title is inspired by the complexities of writing, where a writer's unique voice and perspective are","12 Spirited Writing Arts That will transform your business","NOISE","GOOD"
"marketing","book",10678,"The Campaign to End World Hunger","Marketing for Guide: Not Just for Art","GOOD","GOOD"
"data science","article",12250,"The Hidden Impact of Data Science on Human Well-Being","12 Ways Data science Will Transform Your Promise","GOOD","GOOD"
"blockchain","article",13794,"- 'Blockchain: The New Frontier for the Internet","Blockchain vs. Energy: Which Is Right for You?","GOOD","GOOD"
"electric cars","article",13483,"The Future of Electric Cars: A Game-Changer for Urban Transportation","Electric cars vs. Science: Which Is Right for You?","GOOD","GOOD"
"space exploration","article",19310,"Title: 'The Cosmic Odyssey: Exploring the Unknown'

Title: 'The Cosmic Odyssey: Exploring the Unknown'

Title: 'The Cosmic Odyssey: Exploring the Unknown'

Title: 'The Cosmic Odyssey: Exploring the Unknown","Why Space exploration Is the New Culture","NOISE","GOOD"
"wine","blog",13746,"The Winery Behind Wine","Why Wine Matters More Than Ever","GOOD","GOOD"
"dancing","youtube",23467,"Here's a new normal title about 'dancing':

'Unleash Your Passion: Unlock the Joy of Dancing'

This title is a modern take on the classic youtube title 'Stop Using Photoshop for Simple Edits","Why You Should Hack Dancing 30 days","NOISE","GOOD"
"podcasting","blog",16131,"Unleash the Power of Podcasting: A Journey Through Your Mind","The Future of Podcasting: What's Coming in Today","GOOD","GOOD"
"freelancing","blog",20505,"I'm thrilled to hear that you're interested in writing your own blog title! Here are a few examples of normal blog titles that are perfect for your niche:

- 'The Secret to Unlocking Your Full Potential'
- 'Unlock Your","The Simple Freelancing Changed My Workday","NOISE","GOOD"
"vegan","blog",12535,"Vegan Life: Living the Perfect Life","10 Signs Vegan Changed My Life","GOOD","GOOD"
"yoga","youtube",19400,"Here's a new normal youtube title:

'Don't Stop Believing'

This title is from a YouTube series that explores the importance of staying positive in the face of adversity. It encourages viewers to keep believing in themselves and their","The Truth to Engineering Yoga That will blow your mind","NOISE","GOOD"
"gaming","youtube",39776,"Title: 'Gaming Edition","3 Gaming Models That will transform your business","NOISE","GOOD"
"digital nomad","blog",26830,"The Unnatural Wave of Digital Nomad","How to Give Digital Nomad Didn't Die","GOOD","GOOD"
"sourdough bread","blog",26926,"The Sweet and Flavorful Feast of Sourdough Bread","Everything You Need to Know About Sourdough bread in 48 hours","GOOD","GOOD"
"intermittent fasting","book",24528,"Pulsing: Intermittent Fasting: A New Paradigm for Health","How I Guideed My Intermittent fasting and Found That move the needle","GOOD","GOOD"
"bitcoin","article",33528,"Here is one new normal article title:

'The Story of Bitcoin: The First 2000 Years of Blockchain's Grandfather Paradox Explained'

Title: The Story of Bitcoin: The First 2000 Years","Beyond Bitcoin: The Next {noun} of {noun}","NOISE","NOISE"
"tennis","youtube",33493,"Here is a new normal I wrote:

'The Great Tennis Race: My Journey Through the Soul'

I chose this title because it's a classic and universal way to describe the journey of discovery and growth. It's also a","The Ultimate Tennis Guide That Worth your time","NOISE","GOOD"
"skincare","blog",31193,"The title of this new normal blog is 'Health and Wellness.","7 Things Nobody Tells You About Skincare","GOOD","GOOD"
"virtual reality","article",37183,"AI Will Never Be Creative: The Human Brain's Irreplaceable Edge","Beyond Virtual reality: The Next {noun} of {noun}","GOOD","NOISE"
"board games","product",22584,"The title for 'Small Mercy' is 'A Morning Without Alarm'.","The Maximum Truth About Board games","GOOD","GOOD"
"tea","product",31456,"I would say:
- 'Nice Day for Tea'

But please note that the previous examples are just examples, and the title is entirely yours.","How to Accelerate Tea and {verb} That deliver results","NOISE","NOISE"
"solo travel","blog",35376,"Lost in the Unknown: A Secluded Adventure in the Heart of the Amazon","5 Ways Solo travel Will Transform Your Guide","GOOD","GOOD"
"home office","product",20180,"CrispCaps","How to Transform Home office and {verb} That will change your life","GOOD","NOISE"
"jazz","song",27344,"I'm ready to generate new normal song titles. Please enter the title of your favorite jazz song. I'll generate a new title for you.","How to Create Jazz in 30 days","NOISE","GOOD"
"ethical fashion","blog",27526,"How to Write a Resume That Gets You an Interview","7 Creative Ethical fashion Habits That will transform your life","GOOD","GOOD"
"climate change","article",25918,"Climate Change: The Greatest Enemy of Our Time","Beyond Climate change: The Next {noun} of {noun}","GOOD","NOISE"
