keyword,category,title,judge_score,seo_score
"coffee","product","Every Morning's Second Wind: How I Found My Coffee Revival",72,65
"coffee","product","How to Brew the Perfect Cup of Coffee in 3 Easy Steps",85,77
"coffee","product","Start Your Day Brewed: The Essential Guide to Perfect Coffee",85,77
"coffee","product","5 Coffees That Make You Fall in Love with Breakfast",92,55
"coffee","product","1 Coffee Scoop: Nourishing Morning Mojo",72,55
"coffee","product","3 Coffees in 30 Days: Sipping Success, Stress-Free",72,55
"coffee","product","Every Moment a Brew: Discovering Blissful Coffee",78,58
"coffee","product","Drinking Coffee Instead of a Miracle: The Untold Truth",72,59
"coffee","product","Every Morning's First Comfort: Decoding the Magic in My Coffee",72,67
"coffee","product","5 Simple Ways to Brew Perfect Coffee",92,65
"coffee","product","Crafting Rituals: Coffee Finds Its Place in Everyday Life",78,59
"coffee","product","6 Reasons to Drink Coffee Every Morning",92,68
"coffee","product","What Does Coffee Really Do For Your Brain?",85,60
"coffee","product","What's Your Favorite Coffee Suggestion?",25,58
"coffee","product","20 Reasons Why You Need a Daily Cup of Coffee",85,67
"coffee","product","Zen Breakers: How Coffee Cures Your Workday Blues",78,54
"coffee","product","5 Coffees that Kickstart Your Day",85,42
"coffee","product","'A Day in the Life: How Coffee Captivated Me",42,52
"coffee","product","What's Your Morning Ritual? - Discovering Personal Coffee Preferences",72,66
"coffee","product","Start Your Day Brewed: A Journey Through Coffee",78,58
"coffee","product","Why Is Drinking Coffee Good For You?",78,57
"coffee","product","Drinks vs. Coffee: Why Bitter Is the New Sweet",42,61
"coffee","product","Start Your Day with the Roasted Happiness: A Guide to Blissful Coffee Exploration",72,71
"coffee","product","Why Should I Switch to Coffee Makers?",45,58
"coffee","product","Sipping on a Memory: Coffee and the Morning Ritual That Transformed Me",85,59
"remote work","blog","Remote Work: The Secret to Productivity 9,000 Feet Above Ground",72,71
"remote work","blog","(Number 2) 'The Flexibility Revolution: How Remote Work is Reshaping the Future",85,52
"remote work","blog","Remote Work: Thriving or Distraction? Discover the Hidden Benefits",78,68
"remote work","blog","3Remote Work: The Future of Flexibility Is Here",45,70
"remote work","blog","Remote Work: The New Normal Isn't for Everyone",85,71
"remote work","blog","3Remote Work's Revolution: A Beginner's Guide",15,69
"remote work","blog","10 Proven Tips for Navigating Remote Work",92,69
"remote work","blog","Remote Work: 7 Tips for Success",92,65
"remote work","blog","3 Remote Work Changes Everything",12,51
"remote work","blog","Remote Work: The Future Is Now, Not Just Possible",42,70
"remote work","blog","10 Reasons Why Remote Work Isn't Just a Trend, It's Here to Stay",92,76
"remote work","blog","Remote Work Revolution: How It's Shaping the Future?",72,71
"remote work","blog","Remote Work vs. Commute: Which Destroys More Family Bonds?",78,78
"remote work","blog","What Does Remote Work Mean to You?",92,55
"remote work","blog","Remote Work Revolution: What Really Sets Teams Apart",92,75
"remote work","blog","What if Remote Work Became the New Normal?",78,69
"remote work","blog","Remote Work: The Secret to a Balancing Life, Not a Detriment",72,71
"remote work","blog","Remote Revolution: 7 Real-Life Benefits of Working from Home",92,62
"remote work","blog","Is Remote Work the New Normal? Or Just Another Temporary Fix?",85,72
"remote work","blog","From Desk to Dorm Room: My Journey into Remote Work's Wild West",78,57
"remote work","blog","Remote Work Journey: From Loafing to Lean Productivity",42,65
"remote work","blog","Remote Work: The Modern Manager's Unofficial Guide",92,66
"remote work","blog","Remote Work: The Future of Flexibility or a Mirage?",92,74
"remote work","blog","How Remote Can You Go? Exploring the Boundaries of Remote Work",92,62
"remote work","blog","Exploring the Remote Work Revolution: Opportunities Overstated",78,52
